"S. No.","Bottle Code","Name of Reference Standard","Std. ID No.","Source/Make","Storage","Purity","Moisture/LOD","Expiry Dt.","Remark",
"1","D-54","D-panthenol","RS/AD/1000","IP","Refrigerator","0.998","","NS","",
"2","O-12","Omeprazole","RS/AD/1001","IP","Refrigerator","0.997","","NS","",
"3","T-44","Telmisartan","RS/AD/1002","Splendid lab","Refrigerator","0.9898","","05-03-2016","",
"4","P-69","Pheniramine maleate","RS/AD/1003","Splendid lab","Refrigerator","0.9987","","12-02-2016","",
"5","H-17","Hyaluronic Acid","RS/AD/1004","Simson","Refrigerator","LOD- 2.7%. Refer COA","","31-08-2017","",
"6","G-31","Griseofulvin","RS/AD/1005","Simson","Refrigerator","97.71%(As is basis), 98.0 % ODB, LOD-0.30%","","31-08-2017","",
"7","38","9,10-Diphenylanthracene","RS/AD/1006","Simson","Refrigerator","0.999","","31-08-2017","",
"8","P-70","Potassium Iodide","RS/AD/1007","USP","RT","100% ODB","","NS","",
"9","G-32","Glutamic acid","RS/AD/1008","USP","RT","1.000mg Glutamic acid/mg (as is basis)","","NS","",
"10","R-27","Retinyl Acetate","RS/AD/1009","USP","Refrigerator","Each g contains 33.4 mg Retinyl Acetate,  refer label","","NS","",
"11","L-31","Lysine Hydrochloride CRS","RS/AD/1010","EP","Refrigerator","1","","NS","",
"12","C-114","Choline chloride","RS/AD/1011","Sigma","RT","100% , water 0.1 %","","NS","",
"13","39","(?)-?-Lipoic Acid","RS/AD/1012","Sigma","Refrigerator","99.4 %, LOD less than 0.05 %","","NS","",
"14","Z-05","Zeaxanthin","RS/AD/1013","Sigma","Freezer","1","","31-03-2017","",
"15","C-115","Choline chloride ","RS/AD/1014","Splendid lab","Refrigerator","0.99","","01-09-2016","",
"16","L-32","Linoleic acid","RS/AD/1015","Splendid lab","Refrigerator","0.97","","01-09-2016","",
"17","E-27","Etoricoxib","RS/AD/1016","Splendid lab","Refrigerator","0.9981","","01-09-2016","",
"18","M-59","Methanol (GC grade)","RS/AD/1017","lobal chemie","RT","99.9% water 0.05 %","","NS","",
"19","M-55","Methyl salicylate","RS/AD/1018","Simson","Refrigerator","99.92%,Specific gravity 1.1860","","31-07-2016","",
"20","P-71","Promethazine HCl","RS/AD/1019","Simson","Refrigerator","99.1 % as is Basis, 99.3 % ODB, LOD= 0.20 %","","31-08-2017","",
"21","C-116","Creatine","RS/AD/1020","Splendid lab","Refrigerator","98.00 % As is basis","","11-09-2016","",
"22","G-33","guanidineacetic acid","RS/AD/1021","Splendid lab","Refrigerator","99.00 % As is basis","","11-09-2016","",
"23","B-52","Betaine ","RS/AD/1022","Splendid lab","Refrigerator","98.00 % As is basis","","11-09-2016","",
"24","40","4-Hydroxy-L-Isoleucine","RS/AD/1023","Splendid lab","Refrigerator","98.00 % As is basis","","11-09-2016","",
"25","G-34","Guanidine acetate salt","RS/AD/1024","Splendid lab","Refrigerator","98.30 % As is basis","","11-09-2016","",
"26","A-77","Acyclovir","RS/AD/1025","Splendid lab","Refrigerator","99.04 % As is basis","","11-03-2016","",
"27","T-45","Testosterone ","RS/AD/1026","Splendid lab","Refrigerator","99.90 % As is basis","","01-07-2016","",
"28","S-34","sulfacetamide ","RS/AD/1027","Sigma","RT","0.997","","20-08-2015","",
"29","L-33","Linseed (Flaxseed) oil","RS/AD/1028","Supelco","RT","1000 mg","","30-09-2016","",
"30","N-23","Nifedipine","RS/AD/1029","Sigma","RT","0.995","","16-09-2015","",
"31","A-78","Amoxicillin Trihydrate","RS/AD/1030","Sigma","Freezer","0.857","","16-09-2015","",
"32","P-72","Potassium bromate","RS/AD/1031","Merck","RT","0.999","","31-05-2016","",
"33","I-15","Iron standard solution","RS/AD/1032","Merck","RT","999 mg/l Fe","","28-02-2017","",
"34","S-35","Selenium standard solution","RS/AD/1033","Merck","RT","1001 mg/l Se","","31-08-2016","",
"35","M-56","Mercury standard solution","RS/AD/1034","Merck","RT","999 mg/l Hg","","30-11-2016","",
"36","S-36","Sodium Lactate","Rs/AD/1035","Simson","Refrigerator","99.41% as is basis,99.8% ODB, Water 0.39 %","","31-08-2017","",
"37","C-117","Clindamycin phosphate","Rs/AD/1036","Simson","Refrigerator","99.10% as is basis,99.8% OAB, Water 0.7 %","","31-05-2017","",
"38","A-79","Alprazolam","RS/AD/1037","IP","Refrigerator","0.992","","NS","",
"39","S-37","Sulfamerazine","RS/AD/1038","Simson","Refrigerator","100.23 % as is basis,100.6 % ODB","","31-08-2017","",
"40","A-80","Amoxicillin impurity standard","RS/AD/1039","BP","Refrigerator","1","","NS","",
"41","M-57","Methylprednisolone hydrogen succinate","RS/AD/1040","BP","Refrigerator","1","","NS","",
"42","O-13","Ondansetron Hydrochloride","RS/AD/1041","IP","Refrigerator","90.1%( As is Basis)","","NS","",
"43","F-26","Famotidine","RS/AD/1042","IP","Refrigerator","99.3%( As is Basis)","","NS","",
"44","P-73","Piperacillin","RS/AD/1043","IP","Refrigerator","94.8% ( As is Basis)","","NS","",
"45","H-18","Hematropine Hydrobromide","RS/AD/1044","IP","Refrigerator","99.8%  (As is Basis)","","NS","",
"46","A-81","Atropine Sulphate","RS/AD/1045","IP","Refrigerator","95.3% (As is Basis)","","NS","",
"47","T-46","Tramadol Hydrochloride","RS/AD/1046","IP","Refrigerator","99.5% (As is Basis)","","NS","",
"48","S-38","Sulfanilamide","RS/AD/1047","USP","RT","1","","NS","",
"49","41","5?-cholestane ","RS/AD/1048","Sigma","RT","99.70%Warer=0.35%","","31-07-2018","",
"50","M-60","Menadione sodium bisulfite","RS/AD/1049","Sigma","Freezer","99.0%,water=12%","","30-05-2018","",
"51","I-15","Isosorbide dinitrate CRS","RS/AD/1050","EP","Refrigerator","0.408","","NS","",
"52","A-82","Astaxanthin","RS/AD/1051","Splendid lab","Refrigerator","0.985","","13-10-2016","",
"53","B-53","Buffer pH 4.01","RS/AD/1052","Merck","RT","NA","","31-10-2018","",
"54","B-54","Buffer pH 7.00","RS/AD/1053","Merck","RT","NA","","31-10-2018","",
"55","B-55","Buffer Ph 10.00","RS/AD/1054","Merck","RT","NA","","30-11-2015","",
"56","42","6-(5-chloro-2-pyridyl)-6,7-dihydro-7hydroxy-5H-pyrrolo[3,4-b]pyrazin-5-one (zoplclone impurity)","RS/AD/1055","TRC","Deep Freezer","0.9921","","27-08-2016","",
"57","Z-06","Zopiclone impurity A (zopiclone N- 0xide)","RS/AD/1056","TLC","","","","NS","",
"58","O-14","Oxibendazole CRS","RS/AD/1057","EP","Refrigerator","NS","","NS","",
"59","O-15","Ondansetron impurity A CRS","RS/AD/1058","EP","Refrigerator","NS","","NS","",
"60","I-16","Isosorbide-2-nitrate CRS","RS/AD/1059","EP","Refrigerator","NS","","NS","",
"61","G-35","Glipizide impurity A CRS","RS/AD/1060","EP","Refrigerator","NS","","NS","",
"62","A-83","Azithromycin impurity A CRS","RS/AD/1061","EP","Refrigerator","1","","NS","",
"63","P-74","Potassium hydrogen pthalate","RS/AD/1062","Merck","RT","0.9993","","30-11-2017","",
"64","S-39","Suphanilamide melting point standard","RS/AD/1063","USP","RT","1","","NS","",
"65","T-47","Trioxasalen","RS/AD/1064","Sigma","Deep Freezer","0.99","","NS","",
"66","A-84","Amoxycillin Trihydrate","RS/AD/1065","Simson","Refrigerator","98.1%w/w(OAB),Water=13.6%w/w","","28-02-2017","",
"67","O-16","Ornidazole ","RS/AD/1066","Simson","Refrigerator","99.85%w/w(OAB),99.66%w/w(as is basis),water=0.19%w/w","","30-09-2016","",
"68","C-118","Cephalexin Monohydrate","RS/AD/1067","Simson","Refrigerator","100.0%w/w(OAB),93.5%w/w(as is basis),Water=6.5%w/w","","30-11-2017","",
"69","M-61","Metformin hydrochloride","RS/AD/1068","Simson","Refrigerator","99.0%w/w(ODB),98.6%w/w(as is basis),LOD=0.4%w/w","","30-11-2017","",
"70","S-40","Simethicone (50 g)","RS/AD/1069","USP","RT","5.8% Silicon dioxide","","NS","C",
"71","P-75","Prednisone Tablets 10 mg","RS/AD/1070","USP","Refrigerator","NA","","31-08-2015","",
"72","S-41","Sodium Tartrate","RS/AD/1071","Sigma","RT","0.99","","31-10-2016","",
"73","S-42","Selenium standard solution","RS/AD/1072","Merck","RT","1001 mg/l Se","","31-08-2016","C",
"74","M-62","Mercury Standard solution","RS/AD/1073","Merck","RT","999 mg/l Hg","","30-11-2016","",
"75","S-43","Sodium standard solution","RS/AD/1074","Merck","RT","999mg/l Na","","30-06-2017","",
"76","C-119","Copper standard solution","RS/AD/1075","Merck","RT","1001 mg/l Cu","","30-06-2017","",
"77","N-24","Nickel Standard solution","RS/AD/1076","Merck","RT","1000 mg/l Ni","","31-05-2016","",
"78","A-85","Arsenic Standard solution","RS/AD/1077","Merck","RT","1001 mg/l As","","31-08-2016","",
"79","B-56","Boron Standard solution","RS/AD/1078","Merck","RT","1003 mg/l B","","31-03-2017","",
"80","C-120","Calcium standard solution","RS/AD/1079","Merck","RT","999mg/l Ca","","31-01-2017","",
"81","C-121","Cadmium  standard solution","RS/AD/1080","Merck","RT","1003 mg/l Cd","","30-04-2016","C",
"82","M-63","Magnesium standard solution","RS/AD/1081","Merck","RT","1000 mg/l Mg","","31-01-2017","",
"83","C-122","Cefixime trihydrate","RS/AD/1082","Simson","Refrigerator","90.4%w/w(as is basis),100.89%w/w(OAB),99.69%(by HPLC),Water=10.4%w/w","","27-09-2017","",
"84","C-123","Clotrimazole","RS/AD/1083","Simson","Refrigerator","98.9%w/w(as is basis),99.1%w/w(ODB),LOD=0.20%w/w","","27-12-2017","",
"85","C-124","Cholecalciferol ","RS/AD/1084","Sigma","Refrigerator","0.99","","30-09-2017","",
"86","C-125","Copper powder","RS/AD/1088","Sigma","RT","0.995","","NA","",
"87","M-64","Manganese chips","RS/AD/1089","Sigma","RT","0.994","","NA","",
"88","R-28","Ranitidine Related Compound A","RS/AD/1090","USP","Refrigerator","NS","","NA","",
"89","L-34","Lead standard solution","RS/AD/1091","Merck","RT","1001 mg/lPb","","31-10-2016","",
"90","43","1413?s/Cm Conductivity standard","RS/AD/1092","NIST","RT","","","31-12-2016","",
"91","I -17","Inositol","RS/AD/1093","Shubham Biopharma","Refrigerator","99.0%(as is basis)","","02-03-2017","",
"92","L-35","L- Leucine","RS/AD/1094","Shubham Biopharma","Refrigerator","99.0%(as is basis)","","02-03-2017","",
"93","C-126","Chondroitin sulphate sodium CRS","RS/AD/1095","EP","Refrigerator","99.6%(as is basis)","","NA","",
"94","P-76","Pantoprazole Sodium","RS/AD/1096","Shubham Biopharma","Refrigerator","99.2%(as is basis)","","25-03-2017","",
"95","C-127","Ciprofloxacin Hydrochloride","RS/AD/1097","Shubham Biopharma","Refrigerator","99.76%(as is basis),Water=5.80%w/w","","24-03-2017","",
"96","L-36","Losartan potassium","RS/AD/1098","Shubham Biopharma","Refrigerator","99.65%(as is basis),LOD=0.18%","","03-03-2017","",
"97","D-55","Dicyclomine Hydrochloride ","RS/AD/1099","Shubham Biopharma","Refrigerator","100.00%(as is basis),LOD=0.18%","","19-03-2017","",
"98","T-48","Tin Standard Solution","RS/AD/1100","Merck","RT","1004 mg/lsn","","31-01-2016","",
"99","44","2-methyl- 5- nitroimidazole","RS/AD/1101","Sigma aldrich","Refrigerator","99.5%(as is basis)","","22-04-2016","",
"100","L-37","Losartan potassium","RS/AD/1102","Splendid lab","Refrigerator","99.65%(as is basis)","","01-10-2016","",
"101","D-56","DL-Panthenol","RS/AD/1103","Sigma","Refrigerator","0.996","","01-02-2018","",
"102","V-16","Voriconazole ","RS/AD/1104","Shubham Biopharma","                 Refrigerator","99.97%(as is basis)","","05-01-2017","",
"103","C-128","Cholecalciferol","RS/AD/1105","  ","Refrigerator","0.99","","30-09-2017","",
"104","T-49","Tazobactam Related Compound A","RS/AD/1106","USP","Freezer","1","","NS","Freezer",
"105","T-50","Tazobactam","RS/AD/1107","USP","Refrigerator","0.996 mg/mg (as is basis)","","NS","Refrigerator",
"106","P-77","Piperacillin","RS/AD/1108","USP","Freezer","944 ?g/mg(as is basis)","","NS","Freezer",
"107","M-65","Miconazole nitrate","RS/AD/1109","Shubham Biopharma","Refrigerator","99.43%(as is basis)","","05-05-2017","",
"108","E-28","Econazole nitrate","RS/AD/1110","Shubham Biopharma","Refrigerator","100.00%(as is basis)","","08-06-2017","",
"109","S-44","Salbutamol sulphate","RS/AD/1111","Shubham Biopharma","Refrigerator","99.02%(as is basis)","","05-05-2017","",
"110","L-38","Labetalol HCl","RS/AD/1112","Shubham Biopharma","Refrigerator","99.01%(as is basis)","","05-05-2017","",
"111","D-57","Dopamine HCl","RS/AD/1113","Shubham Biopharma","Refrigerator","99.86%(as is basis)","","08-06-2017","",
"112","P78","Pregabalin","RS/AD/1114","Shubham Biopharma","Refrigerator","98.62%(as is basis)","","05-05-2017","",
"113","T-51","Thyroxine Sodium salt","RS/AD/1115","Shubham Biopharma","Refrigerator","98.36%(as is basis)","","05-05-2017","",
"114","B-57","Budesonide","RS/AD/1116","Shubham Biopharma","Refrigerator","99.07%(as is basis)","","08-06-2017","",
"115","C-129","Cefoperazone sodium","RS/AD/1117","Clearsynth","Refrigerator","95.20%(as is basis)","","07-01-2017","",
"116","S-45","Sulbactam sodium","RS/AD/1118","Clearsynth","Refrigerator","92.10%(as is basis)","","07-08-2016","",
"117","Q-01","Quinidine sulphate","RS/AD/1119","Clearsynth","Refrigerator","99.12%(as is basis), Water=4.98%","","15-02-2016","",
"118","F-27","Flavoxate HCl","RS/AD/1120","Clearsynth","Refrigerator","95.23%(as is basis)","","12-09-2016","",
"119","M-66","Methotrexate","RS/AD/1121","Clearsynth","Refrigerator","95.70%(by HPLC), Water=11.24%","","12-05-2017","",
"120","M-67","Methyl Paraben","RS/AD/1122","Sigma-aldrich","           RT","99.6%(as is basis), Water=0.1%","","","",
"121","F-28","Fluoxetine Hydrochloride","RS/AD/1123","Sigma-aldrich","           RT","99.95%(as is basis), Water=0.02%","","","",
"122","Q-02","Quinine Sulphate","RS/AD/1124","Clearsynth","Refrigerator","95.85%(as is basis), Water=5.15%","","18-06-2017","",
"123","C-006","Cefepime Hydrochloride","RS/AD/335","USP","Refrigerator","865 ?g/mg","","31-01-2014","",
"124","H-03","Heptachlor epoxide(isomer B)","RS/AD/353","Greyhound","RT","0.995","","31-01-2014","",
"125","H-07","Hydrocortisone Sodium succinate","RS/AD/454","Clearsynth","Refrigerator","0.946","","03-01-2014","",
"126","M-12","Micanozole nitrate","RS/AD/455","Clearsynth","Refrigerator","0.9971","","03-01-2014","",
"127","C-015","Chloramphenicol","RS/AD/459","Clearsynth","Refrigerator","0.9973","","14-01-2014","",
"128","4","2-Butyl-3-(3,5-diiodo-4-hydroxybenzoyl)Benzofuran (Aminodarone Imp-D)","RS/AD/460","Clearsynth","Refrigerator","1.001","","17-01-2014","",
"129","L-01","L-Ascorbic Acid","RS/AD/461","Sigma","RT","0.993","","31-03-2014","",
"130","R-01","Residual solvent class 2 Mixture C","RS/AD/467","USP","RT","NS","","NS","C",
"131","C-003","Caffeine","RS/AD/473","Sigma","RT","0.993","","NS","C",
"132","E-01","Econazole nitrate","RS/AD/475","Clearsynth","Refrigerator","0.9996","","28-02-2014","",
"133","A-24","Anthracene","RS/AD/476","Fluka","RT","0.992","","NS","C",
"134","T-15","Triethyl-O-Acetylcitrate","RS/AD/477","Clearsynth","Refrigerator","0.9923","","12-03-2014","",
"135","T-16","Triethyl citrate","RS/AD/478","Clearsynth","Refrigerator","0.9881","","12-03-2014","",
"136","D-26","Domperidone Maleate","RS/AD/479","EP","Refrigerator","1","","NS","C",
"137","A-25","Acetylcysteine","RS/AD/480","USP","Refrigerator","99.40% As is basis","","NS","C",
"138","R-09","Retinyl Palmitate","RS/AD/481","Sigma","Refrigerator","1750000 units/gm","","NS","C",
"139","M-14","Meropenem Sodium","RS/AD/485","Merck","Refrigerator","0.9916","","20-03-2014","",
"140","G-07","Glimperide","RS/AD/486","Clearsynth","Refrigerator","0.9918","","20-03-2014","",
"141","C-029","Cis-4,7,10,13,16,19-Docosahexanoic acis","RS/AD/492","Sigma","Freezer","0.99","","NS","C",
"142","L-12","L-carnitine L-Tartarate","RS/AD/495","China","RT","0.992","","23-11-2015","C",
"143","P-27","Phosphorous as Phosphate","RS/AD/500","Merck","RT","1000 mg/l","","31-08-2014","C",
"144","B-15","Barium","RS/AD/501","Merck","RT","1000 mg/l","","31-01-2014","",
"145","S-14","Silver","RS/AD/502","Merck","RT","1000 mg/l","","31-05-2014","C",
"146","E-15","Eicosapentaenoic Acid Ethyl Ester (500 mg)","RS/AD/503","USP","Freezer","0.997","","30-04-2013","",
"147","D-28","Docosahexaenoic Acid Ethyl Ester (500 mg)","RS/AD/504","USP","Freezer","0.991","","NS","C",
"148","F-09","Fish oil","RS/AD/505","USP","Freezer","1","","NS","C",
"149","M-16","Magnesium","RS/AD/507","Merck","RT","999 mg/l","","31-05-2014","C",
"150","A-26","Aluminium","RS/AD/508","Merck","RT","1000 mg/l","","31-07-2014","C",
"151","N-08","Nickel","RS/AD/509","Merck","RT","1001 mg/l","","31-08-2014","C",
"152","14","?-Linoleic acid","RS/AD/510","Sigma","Freezer","0.99","","01-01-2019","C",
"153","M-17","Methyl Tricosonate","RS/AD/511","Sigma","RT","0.996","","31-01-2015","C",
"154","M-18","Methanol (GC grade)","RS/AD/515","Merck","RT","0.998","","NS","C",
"155","15","2-iodopropane","RS/AD/517","Aldrich","RT","0.991","","NS","C",
"156","E-16","Ethanol","RS/AD/520","Merck","RT","0.999","","31-03-2016","C",
"157","16","1-Propanol","RS/AD/521","Sigma","RT","0.999","","08-03-2016","C",
"158","N-14","Nickel","RS/AD/525","Merck","RT","1001 mg/l","","31-08-2014","C",
"159","R-05","Retinyl Acetate","RS/AD/526","Sigma","Freezer","0.1994","","NS","C",
"160","F-10","Folic Acid (500 mg) (Vitamin M or Vitamin Bc)","RS/AD/527","Sigma","RT","100.10% (OAB),Water 7.3 %","","31-08-2015","C",
"161","T-05","Thiamine HCl","RS/AD/528","Sigma","RT","99.30%(OAB)","","30-04-2016","C",
"162","C-038","Calcium gluconate","RS/AD/529","Clearsynth","Refrigerator","0.9813","","10-05-2014","",
"163","P-29","Pioglitazone Hydrochloride","RS/AD/530","Samex overseas","Refrigerator","0.9904","","28-02-2015","C",
"164","C-033","Cholestrol","RS/AD/532","Sigma","Freezer","0.992","","31-12-2020","C",
"165","17","5?-Cholestane","RS/AD/533","Sigma","Refrigerator","NA","","NS","C",
"166","T-20","Tricendecanoin acid","RS/AD/534","Nu-Chek Prep Inc","Refrigerator","0.99","","NS","C",
"167","C-034","Cholestrol","RS/AD/536","Clearsynth","Refrigerator","0.97","","15-06-2014","C",
"168","L-14","Linoleic acid","RS/AD/537","Sigma","Freezer","0.98","","31-12-2014","C",
"169","L-15","Linoleic acid (conjugated)","RS/AD/538","Sigma","Freezer","0.99","","NS","C",
"170","M-19","Methyl prednisone hydrogen succinate","RS/AD/540","Clearsynth","Refrigerator","0.9968","","27-06-2014","",
"171","A-28","Azithromycin ","RS/AD/541","Clearsynth","Refrigerator","0.9829","","27-06-2014","",
"172","G-10","Gliclazide","RS/AD/542","Clearsynth","Refrigerator","0.9979","","02-01-2014","",
"173","E-17","Enalaprin maleate","RS/AD/543","Clearsynth","Refrigerator","0.9963","","07-01-2014","",
"174","P-30","Promethazine HCl","RS/AD/544","Clearsynth","Refrigerator","0.9813","","18-06-2014","",
"175","C-035","Calcium Pantothenate","RS/AD/546","Sigma","Refrigerator","8.4% Ca","","31-01-2016","C",
"176","18","?-Linoleic acid","RS/AD/547","Sigma","Freezer","0.99","","NS","C",
"177","R-07","Residual Solvents Class 2 - Mixture B (1.2 mL/ampule; 3 ampules)","RS/AD/548","USP","RT","NS","","NS","C",
"178","S-17","Sulfanilamide Melting Point Standard (500 mg) Approximately 165 degrees)","RS/AD/549","USP","RT","1","","NS","C",
"179","D-29","Diclofenac imp A","RS/AD/552","Simson","Refrigerator","0.9647","","30-06-2014","C",
"180","19","1-4 sorbitan CRS","RS/AD/555","EP","Refrigerator","0.992","","NS","",
"181","R-10","Residual Solvents Mixture - Class 1 (1.2 mL/ampule; 3 ampules)","RS/AD/558","USP","RT","NS","","NS","",
"182","P-31","Paracetamol CRS","RS/AD/559","EP","Refrigerator","1","","NS","C",
"183","M-20","Metronidazole CRS","RS/AD/560","EP","Refrigerator","1","","NS","C",
"184","I-11","Ibuprofen ","RS/AD/561","EP","Refrigerator","1","","NS","",
"185","H-10","Haloperidol","RS/AD/562","Simson","Refrigerator","99.60%(ODB)","","NS","",
"186","C-037","Chloroquine diphosphate salt","RS/AD/563","Sigma","RT","1","","NS","",
"187","N-09","Niacinamide (500 mg) (Vitamin B3)","RS/AD/565","USP","RT","99.9% ( Dried)","","NS","C",
"188","Z-01","Zinc","RS/AD/569","Merck","RT","1000 mg/l","","28-02-2015","C",
"189","P-33","Pottasium ","RS/AD/570","Merck","RT","999 mg/l","","31-08-2014","C",
"190","C-040","Chromium","RS/AD/571","Merck","RT","1003 mg/l","","31-03-2014","",
"191","P-35","Pottasium Dichromate ","RS/AD/573","Merck","RT","0.9997","","31-07-2015","",
"192","S-18","Sodium Chloride","RS/AD/574","Merck","RT","0.9991","","31-10-2015","",
"193","A-32","Amlodipine besylate","RS/AD/579","Clearsynth","Refrigerator","0.9959","","17-02-2014","",
"194","L-16","Lisinopril dihydrate","RS/AD/581","Clearsynth","Refrigerator","0.9866","","07-06-2014","",
"195","20","2-methyl 5 nitroimidazole","RS/AD/582","Clearsynth","Refrigerator","-","","12-09-2014","C",
"196","F-12","Folic Acid (500 mg) (Vitamin M or Vitamin Bc)","RS/AD/583","USP","RT","98.9% (Anhydrous)","","NS","C",
"197","C-042","Cyanocobalamin (1.5 g of mixture with mannitol) (Vitamin B12)","RS/AD/584","USP","Refrigerator","1.04%( Dried)","","NS","",
"198","S-20","Simethicone (50 g)","RS/AD/585","USP","RT","5.8% silicon dioxide (as is ) 94.2%","","NS","C",
"199","S-21","Selenium","RS/AD/586","Merck","RT","1000 mg/l","","30-11-2014","C",
"200","D-32","Sodium oxalate (Disodium oxalate)","RS/AD/587","Merck","RT","0.9981","","31-07-2016","",
"201","S-22","Sulfamerazine","RS/AD/588","USP","RT","0.944 mg/mg(As is )","","31-07-2014","",
"202","S-23","Sulfacetamide Sodium (500 mg)","RS/AD/589","USP","Refrigerator","-","","30-06-2014","",
"203","C-043","Chlorambucil","RS/AD/590","Simson","Refrigerator","99.20%(OAB)","","31-08-2015","",
"204","P-36","Palladium","RS/AD/594","Merck","RT","1003 mg/l","","30-11-2014","",
"205","M-21","Melphalen","RS/AD/595","Simson","Refrigerator","98.30% (ODB)","","30-09-2015","",
"206","R-11","Ranitidine impurity j","RS/AD/596","EP","Freezer","NS","","NS","",
"207","N-10","Norfloxacin","RS/AD/598","Mark ent","RT","99.40%(ODB), LOD-0.6%","","30-04-2015","",
"208","T-24","Tin Standard Solution","RS/AD/602","Merck","RT","1002 mg/l","","31-12-2014","",
"209","V-06","Viscosity standard 1000","RS/AD/603","Brookfield","RT","960","","NS","C",
"210","P-37","Polystyrene film disc","RS/AD/604","Toshvin","RT","NS","","31-12-2014","",
"211","B-17","Biotin","RS/AD/605","Fluka","RT","0.999","","NS","",
"212","P-38","Pyridoxine Hydrochloride ","RS/AD/606","Sigma","RT","-","","30-04-2014","",
"213","B-18","Beclomethasone dipropionate","RS/AD/607","USP","RT","99.20% (ODB)","","30-06-2014","",
"214","C-045","Cephradine ","RS/AD/608","USP","Refrigerator","0.915","","NS","",
"215","D-33","Dicyclomine Hydrochloride (125 mg)","RS/AD/609","USP","RT","NS","","28-02-2015","",
"216","M-22","Meropenem trihydrate","RS/AD/610","Fluka","RT","0.999","","25-05-2015","",
"217","G-12","Gentamicin sulphate","RS/AD/611","Mark ent","Refrigerator","603 IU/mg","","31-07-2015","",
"218","A-33","Acetyl salicylic acid","RS/AD/613","Clearsynth","Refrigerator","0.9993","","23-01-2014","",
"219","C-046","Catechin hydrate","RS/AD/615","Sigma","Refrigerator","0.993","","30-04-2016","",
"220","C-047","Cholecalciferol","RS/AD/621","Sigma","Refrigerator","0.99","","31-10-2014","",
"221","B-19","Betamethasone ","RS/AD/626","Clearsynth","Refrigerator","0.9975","","18-10-2014","",
"222","T-25","Testosterone ","RS/AD/627","Clearsynth","Refrigerator","0.9972","","27-06-2014","",
"223","S-25","Sulbactam sodium","RS/AD/628","Clearsynth","Refrigerator","0.9509","","08-10-2014","",
"224","C-050","Cefoprazone sodium","RS/AD/629","Clearsynth","Refrigerator","0.9526","","14-01-2015","",
"225","B-20","Benzyl penicillin sosium CRS","RS/AD/630","EP","Refrigerator","0.994","","NS","",
"226","M-23","Methylergometrine maleate","RS/AD/631","EP","Refrigerator","1","","NS","",
"227","A-35","Adrenaline bitartarate","RS/AD/632","Simson","Refrigerator","99.14%(ODB), LOD-0.31%","","30-06-2016","",
"228","A-36","Amikacin impurity A","RS/AD/635","EP","Refrigerator","0.86","","NS","",
"229","L-17","Lithium","RS/AD/636","Merck","RT","1002 mg/l","","31-05-2015","",
"230","D-35","Danazol","RS/AD/638","Sigma","RT","1","","30-04-2016","",
"231","C-051","Cyanocobalamin","RS/AD/639","Sigma","Refrigerator","100.20% (ODB), LOD=2.1%","","28-02-2016","C",
"232","V-05","Vitamin-K2","RS/AD/641","Sigma","Refrigerator","NS","","31-05-2016","",
"233","P-41","Potassium Trichloroammineplatinate","RS/AD/644","Clearsynth","Refrigerator","0.9599","","28-02-2015","",
"234","C-052","Caffeine melting point standard","RS/AD/645","USP","RT","1","","30-10-2013","",
"235","V-07","Vanillin Melting Point Standard (1 g) (Approximately 82 degrees)","RS/AD/646","USP","RT","1","","NS","",
"236","N-12","Neostigmine methyl Sulphate","RS/AD/647","Sigma","Freezer","1","","NS","",
"237","G-14","Glipizide","RS/AD/648","IPC","Refrigerator","0.998","","NS","",
"238","M-24","Metformin hydrochloride","RS/AD/649","IPC","Refrigerator","0.991","","NS","",
"239","F-14","Fumaric acid","RS/AD/650","USP","Refrigerator","100% (As is )","","31-05-2015","",
"240","P-42","Potassium hydrogen pthalate","RS/AD/651","Merck","Refrigerator","0.9996","","NS","",
"241","B-22","Buffer pH 1.68","RS/AD/652","Merck","Refrigerator","NS","","30-04-2015","",
"242","B-23","Buffer pH 10","RS/AD/653","Merck","Refrigerator","NA","","31-01-2014","",
"243","V-08","Vitamin D2 solution ","RS/AD/654","Sigma","Freezer","0.993","","NS","",
"244","C-053","Cholestrol","RS/AD/655","Sigma","Freezer","0.99","","31-12-2020","",
"245","C-054","Cholestrol","RS/AD/656","Sigma","Freezer","0.993","","NS","",
"246","D-36","DL-Alpha-Tocopherol acetate","RS/AD/657","Sigma","Refrigerator","0.98","","NS","",
"247","L-18","Linoleic acid conjugated","RS/AD/658","Sigma","Freezer","0.98","","NS","C",
"248","V-09","Viscosity standard 12500","RS/AD/661","Brookfield","RT","12040","","NS","C",
"249","E-19","Erythromycin ","RS/AD/662","EP","Freezer","960 IU/mg","","NS","",
"250","A-38","Atenolol imp std","RS/AD/663","BP","RT","NS","","NS","C",
"251","C-079","Cloxacillin Sodium","RS/AD/664","Clearsynth","Refrigerator","0.9895","","06-03-2015","",
"252","V-10","Viscosity standard 100000","RS/AD/665","Brookfield","RT","100800","","NS","C",
"253","D-37","Deferasirox","RS/AD/666","Clearsynth","Refrigerator","0.9884","","04-08-2014","",
"254","B-24","Biotin","RS/AD/667","USP","RT","99.90%  (As is )","","NS","C",
"255","C-055","Copper","RS/AD/669","Merck","RT","1000 mg/l","","31-01-2015","C",
"256","C-056","Caffeine","RS/AD/670","USP","RT","99.90%  (As is )","","NS","",
"257","B-25","Boron","RS/AD/674","Merck","RT","1001 mg/l","","30-09-2014","C",
"258","C-059","Cefotoxime acid","RS/AD/675","Sigma","Refrigerator","94.30%","","NS","",
"259","C-061","Caffeine melting point standard","RS/AD/677","Simson","RT","-","","31-03-2014","",
"260","C-062","Cyanocobalamin","RS/AD/678","EP","Refrigerator","1","","NS","C",
"261","D-38","Diclofenac sodium","RS/AD/679","Simson","Refrigerator","99.50%(ODB), LOD=.43%","","31-08-2015","",
"262","P-43","Paclitaxel","RS/AD/681","Clearsynth","Refrigerator","0.9962","","08-02-2015","",
"263","C-063","Ciprofloxacin ethylene diamine analog","RS/AD/682","USP","RT","NS","","31-07-2015","",
"264","P-44","Prednisalone","RS/AD/683","Simson","Refrigerator","0.9897","","30-04-2016","",
"265","D-39","Dexamethasone","RS/AD/684","Simson","Refrigerator","98.66% (ODB), LOD=0.08%","","30-04-2016","C",
"266","P-45","Phenytoin","RS/AD/686","EP","Refrigerator","1","","NS","",
"267","C-064","Cis-5,8,11,14,17-Eicosapentaenoic acid","RS/AD/687","TCI","Freezer","0.95","","NS","C",
"268","A-40","Aflatoxin B1","RS/AD/688","Sigma","Refrigerator","0.998","","31-07-2016","",
"269","A-41","Aflatoxin G2","RS/AD/689","Sigma","Refrigerator","0.995","","30-04-2015","",
"270","A-42","Aflatoxin G1","RS/AD/690","Sigma","Refrigerator","0.9826","","31-07-2016","",
"271","A-43","Aflatoxin B2","RS/AD/691","Sigma","Refrigerator","0.99","","31-03-2015","",
"272","G-16","Gentamicin sulphate ","RS/AD/692","Clearsynth","Freezer","697 ?g/mg","","NS","",
"273","H-12","Hydroxyzine HCl","RS/AD/693","Simson","Refrigerator","100.70%(ODB), LOD=1.98%","","30-04-2016","",
"274","E-20","Etofylline","RS/AD/694","EP","Refrigerator","1","","NS","C",
"275","C-065","Ceftriaxone sodium","RS/AD/695","EP","Refrigerator","0.904","","NS","C",
"276","L-19","Lithium clavulanate CRS","RS/AD/696","EP","Refrigerator","0.976","","NS","C",
"277","C-066","Chondroitin sulphate sodium","RS/AD/697","EP","Refrigerator","0.996","","NS","",
"278","P-46","Phenytoin sodium","RS/AD/698","splendid","Refrigerator","0.992","","26-04-2015","C",
"279","D-40","Doxycycline HCl","RS/AD/699","Clearsynth","Refrigerator","0.9814","","25-06-2017","",
"280","R-14","Retinyl Palmitate","RS/AD/700","Sigma","Refrigerator","1780000 units/gm","","NS","",
"281","A-44","Acesulphame K","RS/AD/701","Simson","Refrigerator","99.73 %(ODB),Lod= 0.05%","","31-05-2016","",
"282","A-45","Aspartame","RS/AD/702","Simson","Refrigerator","99.10% (OAB), water= 3.9%","","31-05-2016","",
"283","G-17","Glimperide","RS/AD/703","Mark ent","Refrigerator","99.66% (OAB), water= 0.3%","","31-03-2016","",
"284","C-067","Cefexime USP","RS/AD/704","Mark ent","Refrigerator","995 ?g/mg (OAB), water =10.02%","","31-07-2015","",
"285","C-068","Cetrizine imp A","RS/AD/705","Simson","Refrigerator","0.9933","","15-07-2014","",
"286","C-069","Cetrizine HCl","RS/AD/706","Simson","Refrigerator","0.9978","","30-06-2016","",
"287","O-04","Olanzapine","RS/AD/707","Simson","Refrigerator","0.994","","31-05-2016","",
"288","P-47","Piperine","RS/AD/708","splendid","Refrigerator","0.991","","01-07-2015","C",
"289","L-20","Linoleic acid conjugated","RS/AD/709","Sigma","Freezer","0.99","","NS","C",
"290","C-070","Calcium","RS/AD/710","Merck","RT","1000 mg/L","","31-01-2016","C",
"291","Y-01","Yohimbine Hydrochloride","RS/AD/712","USP","RT","98.90% (As is)","","NS","",
"292","E-21","Epigallocatechin","RS/AD/713","Sigma","Refrigerator","0.988","","30-04-2016","",
"293","F-15","Forskohlii Extract Powdered","RS/AD/714","USP","RT","1","","NS","",
"294","F-16","Forskolin","RS/AD/715","USP","RT","99.30%  (As is)","","NS","",
"295","G-18","GLC","RS/AD/716","Nu-Chek Prep Inc","Freezer","NS","","NS","",
"296","O-05","Oleic acid","RS/AD/717","USP","RT","99.90%  (As is )","","31-07-2015","",
"297","C-072","Clindamycin HCl monohydrate","RS/AD/718","Simson","Refrigerator","100.40%(OAB),  water= 4.5%","","31-07-2016","",
"298","A-46","Aceclofenac","RS/AD/720","splendid","Refrigerator","99.45 %(ODB), LOD=0.28%","","09-07-2015","",
"299","L-21","Loperamide HCl","RS/AD/722","splendid","Refrigerator","99.29% (ODB), LOD=0.27%","","16-07-2015","",
"300","P-48","Phenlphrine HCl","RS/AD/723","splendid","Refrigerator","99.74% (ODB), LOD= 0.68%","","02-08-2015","",
"301","C-073","Ceftriaxone sodium","RS/AD/724","splendid","Refrigerator","99.00% (OAB),  water= 8.39%","","14-08-2015","",
"302","C-074","Chlorzoazone","RS/AD/725","splendid","Refrigerator","99.90% (OAB),water= 0.17%","","16-08-2015","",
"303","M-25","Misoprostol","RS/AD/726","splendid","Refrigerator","99.20%(ODB),LOD= 0.17%","","18-07-2015","",
"304","A-48","Allura red AC","RS/AD/728","Sigma","RT","39.20% C, 5.1 N","","NS","",
"305","D-41","Domperidone Maleate","RS/AD/729","splendid","Refrigerator","98.89% (ODB),lod = 0.39%","","25-05-2015","",
"306","P-49","Pantoprazole Sodium","RS/AD/730","splendid","Refrigerator","99.20 %(OAB),LOD= 5.33%","","22-08-2015","",
"307","C-075","Clotrimazole","RS/AD/731","splendid","Refrigerator","99.50% (ODB), LOD= 0.1%","","30-08-2015","C",
"308","S-26","Silicon","RS/AD/732","Merck","RT","1003 mg/l","","30-04-2015","",
"309","A-49","Arsenic","RS/AD/733","Merck","RT","1002 mg/l","","31-07-2014","C",
"310","I-12","Iron Standard solution","RS/AD/734","Merck","RT","1002 mg/l","","31-01-2016","",
"311","S-27","Sodium","RS/AD/735","Merck","RT","1002 mg/l","","31-01-2016","C",
"312","M-27","Manganese","RS/AD/736","Merck","RT","1000 mg/l","","31-05-2015","C",
"313","L-22","Lead","RS/AD/737","Merck","RT","1001 mg/l","","28-02-2015","C",
"314","C-076","Cyanocobalamin","RS/AD/738","USP","Refrigerator","0.0104","","NS","C",
"315","A-50","Azithromycin Impurity A CRS","RS/AD/739","EP","Refrigerator","1","","NS","C",
"316","P-50","Prednisone","RS/AD/740","USP","RT","99.50%","","NS","",
"317","C-077","Cholecalciferol","RS/AD/741","Sigma","Refrigerator","1","","30-04-2016","",
"318","M-28","Mercury","RS/AD/742","Merck","RT","1000 mg/l","","30-09-2014","C",
"319","C-078","Cadmium","RS/AD/743","Merck","RT","1000 mg/l","","28-02-2015","C",
"320","A-51","Amoxicillin Trihydrate","RS/AD/744","splendid","Refrigerator","100.00%(OAB) ,Moisture-13.45%","","25-10-2014","",
"321","D-42","Drotaverine HCl","RS/AD/745","sodium","Refrigerator","99.50% (ODB), lod = 0.80%","","20-09-2015","",
"322","S-28","Salbutamol sulphate","RS/AD/746","splendid","Refrigerator","99.70%(ODB),LOD= 0.33%","","27-09-2015","",
"323","P-51","Potassium Clavulanate","RS/AD/747","splendid","Refrigerator","98.80% moisture-0.21%","","10-09-2015","",
"324","D-43","Droperidol","RS/AD/748","Simson","Refrigerator","99.50%(ODB), lod = 0.13%","","30-09-2016","",
"325","A-52","Albendazole","RS/AD/749","Simson","Refrigerator","99.20%(ODB) ,LOD-0.22%","","30-09-2016","",
"326","R-15","Riboflavin sodium phosphate","RS/AD/750","Simson","Refrigerator","77.00% (ODB), LOD-7.3%","","31-07-2016","",
"327","O-06","Omeprazole","RS/AD/751","Simson","Refrigerator","99.47 %(ODB) ,LOD-0.17%","","31-05-2016","",
"328","R-16","Residual solvents class 1","RS/AD/752","Sigma","RT","NS","","31-12-2017","",
"329","R-17","Residual solvents class 2 A","RS/AD/753","Sigma","Refrigerator","NS","","31-12-2015","",
"330","L-23","Lycopene","RS/AD/754","Sigma","Freezer","0.98","","NS","",
"331","C-080","Cyanocobalamin","RS/AD/755","EP","Refrigerator","1","","NS","",
"332","C-081","Ciprofloxacin HCl","RS/AD/756","Simson","Refrigerator","99.63% (OAB), water=5.7 %","","30-09-2016","",
"333","L-24","Losartan potassium","RS/AD/757","Simson","Refrigerator","98.90%(ODB),  lod=0.21%","","30-09-2016","",
"334","R-18","Ranitidine rtd cpd A","RS/AD/758","Simson","Refrigerator","0.9992","","30-09-2016","",
"335","S-29","Silver sulphadiazene","RS/AD/759","Simson","Refrigerator","100.00%(ODB), LOD = 0.05%","","31-10-2016","",
"336","P-52","Potassium Chloride","RS/AD/760","Merck","RT","NS","","31-08-2017","",
"337","N-15","n-Hexane","RS/AD/761","Merck","RT","NS","","31-10-2015","",
"338","T-27","Toluene ","RS/AD/762","Merck","RT","NS","","31-08-2016","",
"339","P-53","Perthan ","RS/AD/764","Fluka","RT","98.50%, water-0.02%","","10-04-2017","",
"340","M-29","Malathion","RS/AD/765","Fluka","Refrigerator","98.70%, water-0.01%","","11-05-2017","",
"341","A-53","Aldrin","RS/AD/766","Fluka","RT","95.80%, water-0.04%","","11-02-2015","",
"342","21","4,4'-DDT","RS/AD/767","Fluka","RT","99.70%, water-0.41","","11-11-2014","",
"343","22","4,4'-DDE","RS/AD/768","Fluka","RT","99.70%, water-0.3","","21-01-2018","",
"344","23","4,4'-DDD","RS/AD/769","Fluka","RT","99.50%, water-0.12","","28-06-2017","",
"345","P-54","Parathion","RS/AD/770","Fluka","Refrigerator","99.70%","","07-07-2016","",
"346","M-30","Mirex","RS/AD/771","Fluka","RT","99.00%, water = less 0.1%","","29-11-2017","",
"347","F-17","Fenchlorphos","RS/AD/772","Fluka","Refrigerator","98.00%, water= 0.04%","","10-10-2017","",
"348","H-13","Heptachlor ","RS/AD/773","Supelco","RT","0.993","","30-09-2015","",
"349","M-31","Methyl Tricosanoate","RS/AD/774","USP","Freezer","1","","30-11-2014","",
"350","T-28","Tin","RS/AD/775","Merck","RT","997 mg/l","","28-02-2014","",
"351","L-25","Lead","RS/AD/777","Merck","RT","1000 mg/l","","31-08-2015","C",
"352","C-082","Cadmium","RS/AD/778","Merck","RT","1001 mg/l","","31-10-2015","C",
"353","M-32","Mercury","RS/AD/779","Merck","RT","1000 mg/l","","30-09-2015","C",
"354","A-54","Arsenic","RS/AD/780","Merck","RT","1000 mg/l","","28-02-2016","C",
"355","R-19","Retinyl Palmitate","RS/AD/781","Sigma","RT","1780000 units/gm","","NS","c",
"356","N-16","Neomycin sulfate","RS/AD/782","USP","Freezer","752?g/mg","","NS","",
"357","M-33","Methoxsalen","RS/AD/783","Simson","freezer","99.24%(OAB),water-0.27%","","31-10-2016","c",
"358","T-29","Trioxasalen","RS/AD/784","Simson","Refrigerator","99.10%(ODB),  LOD-0.22%","","31-10-2016","",
"359","T-30","Thiocolchicoside","RS/AD/785","splendid","Refrigerator","99.48%(OAB), LOD-1.25%","","12-12-2015","",
"360","H-14","Hydrocortisone","RS/AD/787","Simson","freezer","99.82%(ODB),LOD-0.38%","","31-01-2015","",
"361","B-26","Boron","RS/AD/788","Merck","RT","1001 mg/l","","30-09-2014","C",
"362","A-55","Amoxicillin impuirty standard BP","RS/AD/789","BP","Refrigerator","NS","","NS","",
"363","P-56","Prednisone tablets","RS/AD/790","USP","Refrigerator","NA","","31-12-2014","C",
"364","F-18","Fungal lipase","RS/AD/791","IPF","Refrigerator","170.6 FIP U/mg","","30-06-2014","C",
"365","B-27","Benzyl alcohol anhydrous","RS/AD/792","Sigma","Refrigerator","100.00%,Water-0.002%","","NS","",
"366","V-11","VIT B12","RS/AD/793","Sigma","Refrigerator","100.00%,LOD-2.0%","","31-12-2016","",
"367","D-44","Dichloromethane","RS/AD/794","Sigma","Refrigerator","99.99%,water Less than 0.001% ","","NS","C",
"368","24","2-propanol","RS/AD/795","sigma","Refrigerator","99.97%, water<0.001%","","NS","C",
"369","D-45","DL-Alpha-Tocopherol acetate","RS/AD/796","Simson","Refrigerator","0.98","","31-12-2016","",
"370","P-57","Prednisolone sodium phosphate","RS/AD/797","Simson","Refrigerator","98.40%,water-6.7%,100.4%(nonaquous titration)","","31-12-2016","",
"371","B-28","Betamethasone dipropionate","RS/AD/798","Simson","Refrigerator","0.984","","31-12-2016","",
"372","T-31","Thiamine mononitrate","RS/AD/799","Simson","Refrigerator","0.997","","31-12-2016","",
"373","R-20","Retinyl Palmitate","RS/AD/800","Simson","Refrigerator","0.987","","30-11-2016","",
"374","C-084","Clotrimazole","RS/AD/801","Simson","Refrigerator","99.20%(ODB),LOD-0.03%","","31-01-2016","",
"375","R-21","Retinyl Palmitate","RS/AD/802","Simson","Refrigerator","1750000 units/gm","","NS","",
"376","B-29","Buffer pH 4.01","RS/AD/803","Merck","Refrigerator","NA","","31-12-2014","C",
"377","B-30","Buffer pH 7.00","RS/AD/804","Merck","Refrigerator","NA","","31-03-2015","C",
"378","25","2-methyl 5 nitroimidazole","RS/AD/805","Clearsynth","Refrigerator","0.9953","","12-09-2014","",
"379","A-56","Ampicillin Trihydrate","RS/AD/806","Clearsynth","Refrigerator","0.9538","","04-08-2014","",
"380","G-19","Glucosamine hydrochloride","RS/AD/807","USP","RT","0.997","","NS","",
"381","O-07","OP-DDE","RS/AD/808","Greyhound","RT","0.995","","30-04-2014","",
"382","B-31","Buffer pH 9.01","RS/AD/810","Merck","Refrigerator","NS","","28-02-2015","",
"383","H-15","Hydroxytyrosol","RS/AD/811","APPL","Refrigerator","0.2061","","31-12-2014","",
"384","B-32","Bacitracin","RS/AD/812","Clearsynth","Refrigerator","68.60  IU/mg (ODB),LOD-2.3%   ","","14-01-2016","",
"385","A-57","Amikacin sulfate","RS/AD/813","splendid","Refrigerator","96.30%(ODB),LOD-8.00%","","02-01-2016","",
"386","L-26","Lindane(BHC gamma isomer)","RS/AD/814","chemservice","RT","0.995","","31-05-2014","",
"387","D-46","Dieldrin","RS/AD/815","chemservice","RT","0.988","","31-08-2014","",
"388","B-33","BHC beta isomer","RS/AD/816","chemservice","RT","0.983","","30-04-2014","",
"389","E-23","Endrin","RS/AD/817","chemservice","RT","0.992","","28-02-2015","",
"390","E-24","Endrin Ketone","RS/AD/818","chemservice","RT","0.988","","30-06-2014","",
"391","B-34","BHC alpha isomer","RS/AD/819","chemservice","RT","0.995","","31-01-2015","",
"392","M-34","Methoxychlor","RS/AD/820","Chemservice","RT","0.995","","31-05-2015","",
"393","D-47","Diazinon","RS/AD/821","chemservice","RT","0.995","","30-04-2014","",
"394","M-35","Methidathion","RS/AD/822","chemservice","RT","0.995","","31-07-2014","",
"395","E-25","Ethion","RS/AD/823","chemservice","RT","0.992","","31-05-2014","",
"396","B-35","BHC delta isomer","RS/AD/824","chemservice","RT","0.992","","31-08-2014","",
"397","26","7-amino desacetyl cephalosporanic acid","RS/AD/825","IP","RT","0.985","","NS","",
"398","E-22","Ethinyl estradiol","RS/AD/826","Samex overseas","Refrigerator","99.30%(odb),lod-0.26%","","11-06-2016","",
"399","M-36","Methacycline Hydrochloride 200 mg","RS/AD/827","USP","Freezer","0.903","","NS","",
"400","M-37","Methoxsalen ","RS/AD/828","USP","RT","0.996","","NS","",
"401","M-38","Malathion","RS/AD/829","Sigma","Refrigerator","0.972","","26-05-2015","",
"402","M-39","Methylsulfonylmethane","RS/AD/830","USP","RT","0.999","","NS","",
"403","T-32","Trioxsalen ","RS/AD/831","USP","RT","0.993","","NS","c",
"404","N-17","Nifedipine","RS/AD/832","Samex overseas","Refrigerator","99.40%(OAB),lod-0.29%","","24-08-2016","",
"405","C-085","Cefotaxime sodium","RS/AD/833","IP","RT","94.54% (OAB)","","NS","",
"406","M-40","Menadione Crystalline","RS/AD/834","Sigma","Refrigerator","0.985","","28-02-2015","",
"407","A-58","Antimony","RS/AD/835","Merck","RT","1000 mg/l","","30-06-2014","C",
"408","C-086","Capsaicin","RS/AD/836","USP","Refrigerator","0.941","","NS","",
"409","27","3-acetyl-11-keto-beta-boswellic acid","RS/AD/837","USP","Refrigerator","0.99","","NS","",
"410","C-087","Cefixime trihydrate","RS/AD/838","splendid","Refrigerator","98.30%(OAB), water-11.10%","","16-04-2015","",
"411","D-48","Dexamethasone sodium phosphate","RS/AD/839","splendid","Refrigerator","96.75%(OAB),water-8.0%","","23-01-2016","",
"412","B-36","Betamethasone","RS/AD/840","splendid","Refrigerator","99.15%(ODB), LOD-0.32%","","09-01-2016","",
"413","C-093","Citric Acid","RS/AD/841","USP","Refrigerator","0.999","","NS","",
"414","R-22","Retinyl Palmitate","RS/AD/842","USP","Refrigerator","0.957","","NS","",
"415","N-18","Niacinamide (Vitamin B3)","RS/AD/843","USP","Refrigerator","0.999","","31-05-2015","",
"416","C-088","Calcium Pantothenate","RS/AD/844","USP","Refrigerator","99.80%(ODB)","","NS","",
"417","P-58","Pyridoxine Hydrochloride ","RS/AD/845","USP","Refrigerator","0.998","","30-04-2015","",
"418","F-19","Folic Acid (500 mg) ","RS/AD/846","USP","Refrigerator","98.90%(OAB)","","NS","",
"419","A-59","Ascorbic acid","RS/AD/847","USP","Refrigerator","0.998","","NS","",
"420","R-23","Riboflavin (Vitamin B2)","RS/AD/848","USP","Refrigerator","0.997","","NS","",
"421","B-37","Buffer pH 7.01","RS/AD/849","HANNA","RT","NS","","30-06-2017","",
"422","B-38","Buffer pH 4.01","RS/AD/850","HANNA","RT","NS","","28-02-2017","",
"423","B-39","Buffer pH 1.68","RS/AD/851","HANNA","RT","NS","","31-01-2017","",
"424","B-40","Buffer pH 10.01","RS/AD/852","HANNA","RT","NS","","30-10-2016","",
"425","C-089","Cholecalciferol ","RS/AD/853","EP","Freezer","1","","NS","",
"426","A-60","Alpha tocopheryl Acetate-250mg","RS/AD/854","USP","Refrigerator","0.984","","NS","",
"427","T-33","Thiamine mononitrate","RS/AD/855","BP","Refrigerator","0.955","","NS","",
"428","F-20","Fungal Amylase","RS/AD/856","Advanced enzymes","Refrigerator","100000 SKB U/gm  , LOD = 2.92 % ","","31-01-2015","",
"429","F-21","Fungal protease","RS/AD/857","Advanced enzymes","Refrigerator","310000 HUT/gm  , LOD = 3.35 % ","","31-01-2015","",
"430","D-49","Diclofenac impurity -A","RS/AD/858","BP","Refrigerator","1","","05-06-2014","",
"431","G-20","GLC 85","RS/AD/859","Nu-Chek Prep Inc","Freezer","Refer COA","","0-6 Month once vial is opened,unlimited if vial is not opened","",
"432","B-41","Barium standard solution","RS/AD/860","Merck","RT","998 mg/l Ba","","28-02-2016","",
"433","C-090","Cadmium  standard solution","RS/AD/861","Merck","RT","1003 mg/l Cd","","30-04-2016","",
"434","L-27","Lignocaine hydrochloride","RS/AD/862","Simson","Refrigerator","99.29 %w/w ODB , Water -5.6 % w/w","","02-02-2017","",
"435","C-091","Copper standard solution","RS/AD/863","Merck","RT","1001 mg/l Cu","","31-10-2016","C",
"436","C-092","Caffeine melting point standard","RS/AD/864","USP","Freezer","1","","NS","",
"437","A-62","Azitromycin Impurity A","RS/AD/865","EP","Refrigerator","NS","","NS","",
"438","A-63","Amoxicillin Trihydrate","RS/AD/866","Simson","Refrigerator","98.10%w/w(OAB),   Water-13.6%w/w, Sulphated ash-0.13%w/w","","28-02-2017","",
"439","G-21","Guanine","RS/AD/867","splendid","Refrigerator","99.00%w/w(ODB), LOD-1.0%","","21-02-2016","",
"440","P-59","Promethazine HCl","RS/AD/868","splendid","Refrigerator","98.97%(ODB),LOD-0.20%","","10-02-2016","",
"441","D-50","Dexamethasone","RS/AD/869","splendid","Refrigerator","99.58 % (ODB), LOD= 0.13 %","","11-03-2016","",
"442","C-094","Cesium standard solution","RS/AD/870","Merck","RT","996 mg/l","","30-09-2016","",
"443","C-095","Copper standard solution","RS/AD/871","Merck","RT","1001 mg/l","","31-03-2016","",
"444","M-41","Molybdenum standard solution","RS/AD/872","Merck","RT","1002 mg/l","","31-05-2016","",
"445","C-096","Cerium ICP standard ","RS/AD/873","Merck","RT","999 mg/l","","31-07-2016","",
"446","H-16","Hafnium ICP standard ","RS/AD/874","Merck","RT","1001 mg/l","","31-07-2016","",
"447","B-42","Buffer  pH 7.00","RS/AD/875","Merck","RT","-","","31-10-2018","C",
"448","O-09","Ofloxacin","RS/AD/876","Simson","Refrigerator","99.34 %w/w (on as is basis),99.50% w/w ODB, LOD=0.16 % w/w, sulphated ash =0.02%w/w","","28-02-2017","",
"449","C-097","Chlorpheniramine maleate","RS/AD/877","splendid","Refrigerator","100.00 % , LOD-0.13%,Total imp -0.3 % ","","12-11-2015","",
"450","O-10","Ornidazole ","RS/AD/878","splendid","Refrigerator","99.00 % ,LOD-0.12 % , Total imp-0.33 %","","11-03-2016","C",
"451","T-34","Tetracycline HCl","RS/AD/879","splendid","Refrigerator","97.03 %, LOD-0.37 % , Total imp-0.86 %","","06-01-2016","",
"452","C-098","Citric Acid","RS/AD/880","Sigma","RT","0.995","","26-03-2015","",
"453","T-35","Thallium Standard solution","RS/AD/881","Merck","RT","1000 mg/l TI","","31-03-2016","",
"454","B-43","Buffer pH 4.01 ","RS/AD/882","Merck","RT","-","","31-10-2018","C",
"455","B-44","Buffer pH 12.45 ","RS/AD/883","Eutech instruments","RT","NS","","06-09-2016","",
"456","B-45","Betamethason sodium phosphate","RS/AD/884","Simson","Refrigerator","94.94 %w/w as is basis , 98.9 %w/w anhydrous basis ,water 4.0 %w/w","","28-02-2017","",
"457","D-52","DL-phenylglycine ","RS/AD/885","splendid","Refrigerator","98.80 % on as is basis","","28-03-2016","",
"458","S-30","Sucrose GR","RS/AD/886","Merck","RT","Refer COA","","NS","",
"459","T-36","Trioxsalen (200mg)","RS/AD/887","USP","RT","99.30 % as is basis","","NS","",
"460","M-42","methoxsalen (200 mg)","RS/AD/888","USP","RT","99.60 % as is basis","","NS","",
"461","A-64","Arsenic STD solution","RS/AD/889","Merck","RT","1000 mg/l As","","28-02-2016","",
"462","B-46","Bromide STD solution","RS/AD/890","Merck","RT","1001 mg/l","","31-07-2016","",
"463","N-19","Nickel STD solution","RS/AD/891","Merck","RT","1001 mg/l","","31-08-2014","C",
"464","B-48","Boron STD solution","RS/AD/892","Merck","RT","1001 mg/l","","30-09-2014","",
"465","A-65","Antimony STD solution","RS/AD/893","Merck","RT","1000 mg/l","","30-06-2014","",
"466","L-28","Linoleic acid conjugated","RS/AD/894","Sigma","Freezer","99.00%, Imp-1%","","NS","",
"467","I-13","Iminodibenzyl ","RS/AD/895","Simson","Refrigerator","1","","30-10-2015","",
"468","28","2-Tert-Butylamino-1- (4-hydroxy-3-methylphenyl)ethanol sulphate ","RS/AD/896","BP","Refrigerator","NS","","NS","",
"469","L-29","Lead standard solution","RS/AD/898","Merck","RT","1000 mg/l pb","","31-01-2016","",
"470","C-099","Calcium standard solution","RS/AD/899","Merck","RT","1000 mg/l ca","","31-01-2016","",
"471","B-47","Biotin","RS/AD/900","USP","RT","0.999","","NS","",
"472","O-11","Orlistat Related Comp D","RS/AD/901","USP","Refrigerator","1","","NS","",
"473","I-14","Inositol","RS/AD/902","Sigma","RT","99.50%(as is basis)","","08-05-2015","",
"474","M-43","Melamine","RS/AD/903","Sigma","RT","99.95 % as is basis","","08-05-2015","",
"475","V-12","Vanadium Standard Solution","RS/AD/904","Merck","RT","1003 mg/l ","","28-02-2016","",
"476","C-100","Chromium standard solution","RS/AD/905","Merck","RT","1001 mg/l ","","31-03-2015","C",
"477","A-66","Alpha Tocopherol (?)","RS/AD/906","Sigma","Refrigerator","0.99","","NS","",
"478","S-31","Sodium standard solution","RS/AD/907","Merck","RT","1002 mg/l","","30-06-2016","",
"479","P-61","Potassium Standard solution","RS/AD/908","Merck","RT","998mg/l","","28-02-2016","",
"480","L-30","Lead standard solution","RS/AD/909","Merck","RT","1000 mg/l","","31-01-2016","",
"481","E-26","Ergocalciferol (Vit D2)","RS/AD/910","Supelco","Refrigerator","0.998","","28-02-2015","",
"482","C-101","Cephradine ","RS/AD/911","USP","Refrigerator","91.50%(as is basis)","","NS","",
"483","Z-02","Zinc Standard Solution","RS/AD/912","Merck","RT","1001 mg/l","","31-10-2015","",
"484","M-44","Magnesium Standard Solution","RS/AD/913","Merck","RT","1001 mg/l","","31-01-2015","",
"485","A-67","Aluminium Standard Solution","RS/AD/914","Merck","RT","1000 mg/l","","28-02-2015","",
"486","S-32","Selenium Standard Solution","RS/AD/915","Merck","RT","1003 mg/l","","30-09-2015","",
"487","G-22","Gold Standard solution","RS/AD/916","Merck","RT","1002 mg/l","","28-02-2016","",
"488","Z-03","Zirconium Standard Solution","RS/AD/917","Merck","RT","998 mg/l","","31-05-2016","",
"489","M-45","Methanol (GC grade)","RS/AD/918","Merck","RT","0.998","","31-07-2014","",
"490","P-62","Pyridoxine Hydrochloride ","RS/AD/919","Sigma","RT","1","","31-01-2017","",
"491","T-37","Thiamine HCL","RS/AD/920","Sigma","RT","99.30%(OAB),Water-3.60%","","30-04-2016","",
"492","29","2-Iodopropane","RS/AD/921","Sigma","RT","0.991","","NS","",
"493","R-24","Retinyl Acetate","RS/AD/922","Sigma","Refrigerator","564000 IU/g","","NS","",
"494","A-68","Acetyl Cysteine","RS/AD/923","USP","Refrigerator","99.40%(as is basis)","","NS","",
"495","F-22","Fish oil","RS/AD/924","USP","Freezer","1","","NS","",
"496","R-25","Residual solvent class 2 Mixture C","RS/AD/925","USP","RT","1","","NS","",
"497","M-46","Mercury Standard Solution","RS/AD/926","Merck","RT","1005 mg/l","","31-07-2016","",
"498","G-23","Gold Standard Solution","RS/AD/927","Merck","RT","1001 mg/l","","31-07-2014","",
"499","N-20","Nickel Standard Solution","RS/AD/928","Merck","RT","1001 mg/l","","31-08-2014","C",
"500","M-47","Manganese Standard Solution","RS/AD/929","Merck","RT","1001 mg/l","","31-01-2015","",
"501","D-51","Domperidone Maleate CRS","RS/AD/930","EP","Refrigerator","1","","NS","",
"502","C-102","Caffeine","RS/AD/931","Sigma","RT","1.002","","30-05-2016","",
"503","A-69","Anthracene","RS/AD/932","Sigma","RT","0.992","","NS","",
"504","T-38","Thiamine HCl (Vit B1)","RS/AD/933","splendid","Refrigerator","99.77% (as is basis)","","15-05-2016","",
"505","D-53","Doxycycline Monohydrate","RS/AD/935","splendid","Refrigerator","100.00%(as is basis)","","15-03-2015","C",
"506","G-24","Glibenclamide CRS","RS/AD/937","EP","Refrigerator","NS","","NS","",
"507","M-49","Methylcyclopentane","RS/AD/938","Sigma","Refrigerator","0.996","","NS","",
"508","P-63","Pentane (for GC)","RS/AD/939","Sigma","Refrigerator","0.996","","NS","",
"509","30","3-Methyl pentane","RS/AD/940","Acros","Refrigerator","0.995","","NS","",
"510","C-103","Clavulanate Lithium","RS/AD/941","USP","Refrigerator","96.40% Clavulanic acid(as is basis)","","NS","",
"511","P-64","Phosphate Std Soln","RS/AD/942","Merck","RT","1000 mg/l","","31-08-2014","",
"512","N-21","Nickel STD solution","RS/AD/943","Merck","RT","1001 mg/l","","31-08-2014","",
"513","T-39","Tricendecanoin ","RS/AD/944","Nu-Chek Prep Inc","Refrigerator","? 99%","","NS","",
"514","31","3-acetyl-11-keto-beta-boswellic acid","RS/AD/945","USP","Refrigerator","0.99","","NS","",
"515","A-71","Azithromycin Impurity A ","RS/AD/946","Simson","Refrigerator","1","","30-11-2014","",
"516","32","2-Chlorotritanol","RS/AD/947","BP","Refrigerator","1","","07-06-2016","",
"517","C-104","Chromium standard solution","RS/AD/948","Merck","RT","999 mg/l","","30-04-2016","",
"518","A-72","Atenolol imp std","RS/AD/949","BP","Refrigerator","1","","10-06-2016","",
"519","G-25","Glyceryl Triundacanoate","RS/AD/950","Sigma","Freezer","1","","NS","",
"520","P-65","Pioglitazone Hydrochloride","RS/AD/951","Samex overseas","Refrigerator","99.04% (ODB),LOD-0.19 %","","28-02-2015","",
"521","33","1-Propanol","RS/AD/952","Sigma","RT","0.999","","08-03-2016","",
"522","V-15","Viscosity standard 100000","RS/AD/955","Brookfield","RT","106240 cP (mPa.s)","","11-08-2015","",
"523","M-50","Metronidazole ","RS/AD/956","BP","Refrigerator","0.998","","NS","",
"524","P-66","Paracetamol CRS","RS/AD/958","EP","Refrigerator","1","","NS","",
"525","35","6-Epidoxycycline HCl","RS/AD/959","EP","Refrigerator","1","","NS","",
"526","M-51","Magnesium Standard Solution","RS/AD/960","Merck","RT","1001 mg/l","","30-04-2016","",
"527","M-52","Manganese Standard Solution","RS/AD/961","Merck","RT","1001 mg/l","","28-02-2016","",
"528","P-67","Potassium Standard solution","RS/AD/962","Merck","RT","1000 mg/l","","30-11-2016","",
"529","Z-04","Zinc Standard Solution","RS/AD/963","Merck","RT","1000 mg/l","","30-06-2016","",
"530","36","1-(3-Azabicyclo(3.3.o)OCT-YL)3-O-toly sulfonyl urea","RS/AD/964","BP","Refrigerator","1","","NS","",
"531","A-73","Amlodipine besylate","RS/AD/965","Sigma","Refrigerator","99.90 % as is basis ","","02-07-2015","",
"532","F-23","Furosemide","RS/AD/966","Sigma","RT","99.60% as is basis ","","02-07-2015","",
"533","F-24","F.A.M.E mix GLC-90","RS/AD/967","Supelco","Freezer","Refer COA","","30-04-2015","",
"534","M-53","Methyl Tricosonate","RS/AD/968","Sigma","RT","0.996","","30-01-2015","",
"535","B-49","Buffer pH 4.01","RS/AD/969","Merck","RT","NS","","31-10-2018","",
"536","B-50","Buffer pH 7.00","RS/AD/970","Merck","RT","NS","","31-10-2018","",
"537","C-105","Calcium carbonate","RS/AD/971","splendid","Refrigerator","0.99","","04-07-2016","",
"538","B-51","Buffer pH 10.00","RS/AD/972","Merck","RT","NS","","30-11-2015","",
"539","T-40","Theophylline anhydrous","RS/AD/973","splendid","Refrigerator","0.9997","","24-06-2016","",
"540","N-22","Niacin (Nicotinic Acid)","RS/AD/974","Sigma","RT","0.996","","19-07-2015","",
"541","R-26","Retinyl Acetate","RS/AD/975","Sigma","Refrigerator","NS","","NS","",
"542","T-41","Tantalum ICP Standard","RS/AD/976","Merck","RT","1003 mg/kg","","28-02-2017","",
"543","T-42","Tungsten ICP Standard","RS/AD/977","Merck","RT","1000 mg/l ","","31-08-2015","",
"544","C-106","Cetrizine imp A","RS/AD/978","EP","Refrigerator","1","","NS","",
"545","G-26","Ginseng dry extract","RS/AD/979","EP","Freezer","NS","","NS","",
"546","T-43","Tobramycin","RS/AD/980","EP","Refrigerator","49 mg/ vial of C18H37N5O9","","NS","",
"547","M-54","MeropenemTrihydrate","RS/AD/981","EP","Refrigerator","0.87","","NS","",
"548","C-107","Calcium carbonate","RS/AD/982","Merck","RT","0.9995","","31-03-2018","",
"549","A-74","Amikacin sulfate","RS/AD/983","BP","Refrigerator","0.868","","NS","",
"550","C-108","Calcium standard solution","RS/AD/984","merck","RT","999 mg/l Ca","","31-01-2017","",
"551","S-33","Silver standard solution","RS/AD/985","Merck","RT","1000 mg/l Ag","","31-08-2015","",
"552","A-75","Amikacin for system suitability","RS/AD/986","EP","Refrigerator","NS","","NS","",
"553","C-109","I Cariin","RS/AD/987","Sigma","RT","0.98","","NS","",
"554","37","4-Hydroxy-L-Isoleucine","RS/AD/988","Sigma","Refrigerator","100% refer CoA","","NS","",
"555","G-27","Ginsenoside-Rb1","RS/AD/989","Sigma","Refrigerator","0.993","","31-03-2015","",
"556","G-28","Ginsenoside-Re","RS/AD/990","Sigma","Refrigerator","0.994","","28-02-2015","",
"557","C-110","Creatine Monohydrate","RS/AD/991","Splendid lab","Refrigerator","0.99","","04-08-2016","",
"558","G-29","Glycine","RS/AD/992","Splendid lab","Refrigerator","0.992","","01-09-2016","",
"559","G-30","L-Glutamine","RS/AD/993","Splendid lab","Refrigerator","0.994","","01-09-2016","",
"560","A-76","?-Alanine","RS/AD/994","Splendid lab","Refrigerator","0.99","","01-09-2016","",
"561","P-68","Prednisone Tablets 10 mg","RS/AD/995","USP","Refrigerator","1","","31-12-2014","",
"562","C-111","Cetirize impurity A","RS/AD/996","EP","Refrigerator","NS","","NS","",
"563","F-25","Flunarizine Dihydrochloride","RS/AD/997","EP","Refrigerator","NS","","NS","",
"564","C-112","Cinnarizine","RS/AD/998","IP","Refrigerator","0.997","","NS","",
"565","C-113","Cetirizine Dihydrochloride","RS/AD/999","IP","Refrigerator","0.995","","NS","",
